<?xml version='1.0' encoding='UTF-8'?>
<package uuid="ai-d1052i" version="0.0.0">
 <names>
  <name lang="en_US">AI2i</name>
 </names>
 <supportedLanguages>
  <language>en_US</language>
  <language>zh_CN</language>
 </supportedLanguages>
 <descriptionLanguages>
  <language>en_US</language>
  <language>zh_CN</language>
 </descriptionLanguages>
 <contents>
  <behaviorContent path="behavior_1">
   <userRequestable/>
   <nature>interactive</nature>
   <permissions/>
  </behaviorContent>
 </contents>
</package>
